id;title;content;date
1;quintuple except confusion;discontinue fortunately;2024-12-29T23:05:24
2;slow;psst whose ugh;2024-12-29T08:37:02
3;finally afore indeed;drat whole;2024-12-29T20:56:13
4;since;brr;2024-12-30T00:40:58
5;valiantly phooey indeed;dependable round urban;2024-12-29T16:55:02
6;gracefully for dimly;and;2024-12-29T17:38:11
7;silently;via;2024-12-30T03:22:27
8;within loosely;eek;2024-12-30T00:54:03
9;underplay;aha where;2024-12-30T04:17:18
10;loftily;midst since;2024-12-30T01:57:31
